"","t","month","fighter","interest","region","country.etc","pop","lat","long","capital"
"1",134,2015-02-01,"conor",1,"Dublin","Ireland",1030431,53.33,-6.25,1
"2",134,2015-02-01,"nate",1,"Stockton","USA",299188,37.97,-121.31,0
"3",134,2015-02-01,"khabib",0,"Moscow","Russia",10472629,55.75,37.62,1
"4",134,2015-02-01,"floyd",6,"Grand Rapids","USA",193006,42.96,-85.66,0
"5",134,2015-02-01,"jorge",0,"Miami","USA",386740,25.78,-80.21,0
"6",135,2015-03-01,"conor",1,"Dublin","Ireland",1030431,53.33,-6.25,1
"7",135,2015-03-01,"nate",0,"Stockton","USA",299188,37.97,-121.31,0
"8",135,2015-03-01,"khabib",0,"Moscow","Russia",10472629,55.75,37.62,1
"9",135,2015-03-01,"floyd",7,"Grand Rapids","USA",193006,42.96,-85.66,0
"10",135,2015-03-01,"jorge",0,"Miami","USA",386740,25.78,-80.21,0
"11",136,2015-04-01,"conor",2,"Dublin","Ireland",1030431,53.33,-6.25,1
"12",136,2015-04-01,"nate",0,"Stockton","USA",299188,37.97,-121.31,0
"13",136,2015-04-01,"khabib",0,"Moscow","Russia",10472629,55.75,37.62,1
"14",136,2015-04-01,"floyd",19,"Grand Rapids","USA",193006,42.96,-85.66,0
"15",136,2015-04-01,"jorge",0,"Miami","USA",386740,25.78,-80.21,0
"16",137,2015-05-01,"conor",1,"Dublin","Ireland",1030431,53.33,-6.25,1
"17",137,2015-05-01,"nate",0,"Stockton","USA",299188,37.97,-121.31,0
"18",137,2015-05-01,"khabib",0,"Moscow","Russia",10472629,55.75,37.62,1
"19",137,2015-05-01,"floyd",63,"Grand Rapids","USA",193006,42.96,-85.66,0
"20",137,2015-05-01,"jorge",0,"Miami","USA",386740,25.78,-80.21,0
"21",138,2015-06-01,"conor",2,"Dublin","Ireland",1030431,53.33,-6.25,1
"22",138,2015-06-01,"nate",0,"Stockton","USA",299188,37.97,-121.31,0
"23",138,2015-06-01,"khabib",0,"Moscow","Russia",10472629,55.75,37.62,1
"24",138,2015-06-01,"floyd",3,"Grand Rapids","USA",193006,42.96,-85.66,0
"25",138,2015-06-01,"jorge",0,"Miami","USA",386740,25.78,-80.21,0
"26",139,2015-07-01,"conor",6,"Dublin","Ireland",1030431,53.33,-6.25,1
"27",139,2015-07-01,"nate",0,"Stockton","USA",299188,37.97,-121.31,0
"28",139,2015-07-01,"khabib",0,"Moscow","Russia",10472629,55.75,37.62,1
"29",139,2015-07-01,"floyd",3,"Grand Rapids","USA",193006,42.96,-85.66,0
"30",139,2015-07-01,"jorge",0,"Miami","USA",386740,25.78,-80.21,0
"31",140,2015-08-01,"conor",1,"Dublin","Ireland",1030431,53.33,-6.25,1
"32",140,2015-08-01,"nate",0,"Stockton","USA",299188,37.97,-121.31,0
"33",140,2015-08-01,"khabib",0,"Moscow","Russia",10472629,55.75,37.62,1
"34",140,2015-08-01,"floyd",3,"Grand Rapids","USA",193006,42.96,-85.66,0
"35",140,2015-08-01,"jorge",0,"Miami","USA",386740,25.78,-80.21,0
"36",141,2015-09-01,"conor",2,"Dublin","Ireland",1030431,53.33,-6.25,1
"37",141,2015-09-01,"nate",0,"Stockton","USA",299188,37.97,-121.31,0
"38",141,2015-09-01,"khabib",0,"Moscow","Russia",10472629,55.75,37.62,1
"39",141,2015-09-01,"floyd",8,"Grand Rapids","USA",193006,42.96,-85.66,0
"40",141,2015-09-01,"jorge",0,"Miami","USA",386740,25.78,-80.21,0
"41",142,2015-10-01,"conor",1,"Dublin","Ireland",1030431,53.33,-6.25,1
"42",142,2015-10-01,"nate",0,"Stockton","USA",299188,37.97,-121.31,0
"43",142,2015-10-01,"khabib",0,"Moscow","Russia",10472629,55.75,37.62,1
"44",142,2015-10-01,"floyd",2,"Grand Rapids","USA",193006,42.96,-85.66,0
"45",142,2015-10-01,"jorge",0,"Miami","USA",386740,25.78,-80.21,0
"46",143,2015-11-01,"conor",2,"Dublin","Ireland",1030431,53.33,-6.25,1
"47",143,2015-11-01,"nate",0,"Stockton","USA",299188,37.97,-121.31,0
"48",143,2015-11-01,"khabib",0,"Moscow","Russia",10472629,55.75,37.62,1
"49",143,2015-11-01,"floyd",2,"Grand Rapids","USA",193006,42.96,-85.66,0
"50",143,2015-11-01,"jorge",0,"Miami","USA",386740,25.78,-80.21,0
"51",144,2015-12-01,"conor",14,"Dublin","Ireland",1030431,53.33,-6.25,1
"52",144,2015-12-01,"nate",0,"Stockton","USA",299188,37.97,-121.31,0
"53",144,2015-12-01,"khabib",0,"Moscow","Russia",10472629,55.75,37.62,1
"54",144,2015-12-01,"floyd",2,"Grand Rapids","USA",193006,42.96,-85.66,0
"55",144,2015-12-01,"jorge",0,"Miami","USA",386740,25.78,-80.21,0
"56",145,2016-01-01,"conor",4,"Dublin","Ireland",1030431,53.33,-6.25,1
"57",145,2016-01-01,"nate",0,"Stockton","USA",299188,37.97,-121.31,0
"58",145,2016-01-01,"khabib",0,"Moscow","Russia",10472629,55.75,37.62,1
"59",145,2016-01-01,"floyd",1,"Grand Rapids","USA",193006,42.96,-85.66,0
"60",145,2016-01-01,"jorge",0,"Miami","USA",386740,25.78,-80.21,0
"61",146,2016-02-01,"conor",5,"Dublin","Ireland",1030431,53.33,-6.25,1
"62",146,2016-02-01,"nate",1,"Stockton","USA",299188,37.97,-121.31,0
"63",146,2016-02-01,"khabib",0,"Moscow","Russia",10472629,55.75,37.62,1
"64",146,2016-02-01,"floyd",1,"Grand Rapids","USA",193006,42.96,-85.66,0
"65",146,2016-02-01,"jorge",0,"Miami","USA",386740,25.78,-80.21,0
"66",147,2016-03-01,"conor",14,"Dublin","Ireland",1030431,53.33,-6.25,1
"67",147,2016-03-01,"nate",8,"Stockton","USA",299188,37.97,-121.31,0
"68",147,2016-03-01,"khabib",0,"Moscow","Russia",10472629,55.75,37.62,1
"69",147,2016-03-01,"floyd",1,"Grand Rapids","USA",193006,42.96,-85.66,0
"70",147,2016-03-01,"jorge",0,"Miami","USA",386740,25.78,-80.21,0
"71",148,2016-04-01,"conor",6,"Dublin","Ireland",1030431,53.33,-6.25,1
"72",148,2016-04-01,"nate",1,"Stockton","USA",299188,37.97,-121.31,0
"73",148,2016-04-01,"khabib",1,"Moscow","Russia",10472629,55.75,37.62,1
"74",148,2016-04-01,"floyd",2,"Grand Rapids","USA",193006,42.96,-85.66,0
"75",148,2016-04-01,"jorge",0,"Miami","USA",386740,25.78,-80.21,0
"76",149,2016-05-01,"conor",4,"Dublin","Ireland",1030431,53.33,-6.25,1
"77",149,2016-05-01,"nate",0,"Stockton","USA",299188,37.97,-121.31,0
"78",149,2016-05-01,"khabib",0,"Moscow","Russia",10472629,55.75,37.62,1
"79",149,2016-05-01,"floyd",2,"Grand Rapids","USA",193006,42.96,-85.66,0
"80",149,2016-05-01,"jorge",0,"Miami","USA",386740,25.78,-80.21,0
"81",150,2016-06-01,"conor",2,"Dublin","Ireland",1030431,53.33,-6.25,1
"82",150,2016-06-01,"nate",0,"Stockton","USA",299188,37.97,-121.31,0
"83",150,2016-06-01,"khabib",0,"Moscow","Russia",10472629,55.75,37.62,1
"84",150,2016-06-01,"floyd",1,"Grand Rapids","USA",193006,42.96,-85.66,0
"85",150,2016-06-01,"jorge",0,"Miami","USA",386740,25.78,-80.21,0
"86",151,2016-07-01,"conor",3,"Dublin","Ireland",1030431,53.33,-6.25,1
"87",151,2016-07-01,"nate",1,"Stockton","USA",299188,37.97,-121.31,0
"88",151,2016-07-01,"khabib",0,"Moscow","Russia",10472629,55.75,37.62,1
"89",151,2016-07-01,"floyd",1,"Grand Rapids","USA",193006,42.96,-85.66,0
"90",151,2016-07-01,"jorge",0,"Miami","USA",386740,25.78,-80.21,0
"91",152,2016-08-01,"conor",12,"Dublin","Ireland",1030431,53.33,-6.25,1
"92",152,2016-08-01,"nate",7,"Stockton","USA",299188,37.97,-121.31,0
"93",152,2016-08-01,"khabib",0,"Moscow","Russia",10472629,55.75,37.62,1
"94",152,2016-08-01,"floyd",1,"Grand Rapids","USA",193006,42.96,-85.66,0
"95",152,2016-08-01,"jorge",0,"Miami","USA",386740,25.78,-80.21,0
"96",153,2016-09-01,"conor",3,"Dublin","Ireland",1030431,53.33,-6.25,1
"97",153,2016-09-01,"nate",1,"Stockton","USA",299188,37.97,-121.31,0
"98",153,2016-09-01,"khabib",0,"Moscow","Russia",10472629,55.75,37.62,1
"99",153,2016-09-01,"floyd",1,"Grand Rapids","USA",193006,42.96,-85.66,0
"100",153,2016-09-01,"jorge",0,"Miami","USA",386740,25.78,-80.21,0
"101",154,2016-10-01,"conor",3,"Dublin","Ireland",1030431,53.33,-6.25,1
"102",154,2016-10-01,"nate",0,"Stockton","USA",299188,37.97,-121.31,0
"103",154,2016-10-01,"khabib",0,"Moscow","Russia",10472629,55.75,37.62,1
"104",154,2016-10-01,"floyd",1,"Grand Rapids","USA",193006,42.96,-85.66,0
"105",154,2016-10-01,"jorge",0,"Miami","USA",386740,25.78,-80.21,0
"106",155,2016-11-01,"conor",12,"Dublin","Ireland",1030431,53.33,-6.25,1
"107",155,2016-11-01,"nate",1,"Stockton","USA",299188,37.97,-121.31,0
"108",155,2016-11-01,"khabib",1,"Moscow","Russia",10472629,55.75,37.62,1
"109",155,2016-11-01,"floyd",1,"Grand Rapids","USA",193006,42.96,-85.66,0
"110",155,2016-11-01,"jorge",0,"Miami","USA",386740,25.78,-80.21,0
"111",156,2016-12-01,"conor",4,"Dublin","Ireland",1030431,53.33,-6.25,1
"112",156,2016-12-01,"nate",0,"Stockton","USA",299188,37.97,-121.31,0
"113",156,2016-12-01,"khabib",0,"Moscow","Russia",10472629,55.75,37.62,1
"114",156,2016-12-01,"floyd",2,"Grand Rapids","USA",193006,42.96,-85.66,0
"115",156,2016-12-01,"jorge",0,"Miami","USA",386740,25.78,-80.21,0
"116",157,2017-01-01,"conor",4,"Dublin","Ireland",1030431,53.33,-6.25,1
"117",157,2017-01-01,"nate",0,"Stockton","USA",299188,37.97,-121.31,0
"118",157,2017-01-01,"khabib",0,"Moscow","Russia",10472629,55.75,37.62,1
"119",157,2017-01-01,"floyd",2,"Grand Rapids","USA",193006,42.96,-85.66,0
"120",157,2017-01-01,"jorge",0,"Miami","USA",386740,25.78,-80.21,0
"121",158,2017-02-01,"conor",3,"Dublin","Ireland",1030431,53.33,-6.25,1
"122",158,2017-02-01,"nate",0,"Stockton","USA",299188,37.97,-121.31,0
"123",158,2017-02-01,"khabib",0,"Moscow","Russia",10472629,55.75,37.62,1
"124",158,2017-02-01,"floyd",2,"Grand Rapids","USA",193006,42.96,-85.66,0
"125",158,2017-02-01,"jorge",0,"Miami","USA",386740,25.78,-80.21,0
"126",159,2017-03-01,"conor",4,"Dublin","Ireland",1030431,53.33,-6.25,1
"127",159,2017-03-01,"nate",0,"Stockton","USA",299188,37.97,-121.31,0
"128",159,2017-03-01,"khabib",1,"Moscow","Russia",10472629,55.75,37.62,1
"129",159,2017-03-01,"floyd",3,"Grand Rapids","USA",193006,42.96,-85.66,0
"130",159,2017-03-01,"jorge",0,"Miami","USA",386740,25.78,-80.21,0
"131",160,2017-04-01,"conor",3,"Dublin","Ireland",1030431,53.33,-6.25,1
"132",160,2017-04-01,"nate",0,"Stockton","USA",299188,37.97,-121.31,0
"133",160,2017-04-01,"khabib",0,"Moscow","Russia",10472629,55.75,37.62,1
"134",160,2017-04-01,"floyd",2,"Grand Rapids","USA",193006,42.96,-85.66,0
"135",160,2017-04-01,"jorge",0,"Miami","USA",386740,25.78,-80.21,0
"136",161,2017-05-01,"conor",3,"Dublin","Ireland",1030431,53.33,-6.25,1
"137",161,2017-05-01,"nate",0,"Stockton","USA",299188,37.97,-121.31,0
"138",161,2017-05-01,"khabib",0,"Moscow","Russia",10472629,55.75,37.62,1
"139",161,2017-05-01,"floyd",2,"Grand Rapids","USA",193006,42.96,-85.66,0
"140",161,2017-05-01,"jorge",0,"Miami","USA",386740,25.78,-80.21,0
"141",162,2017-06-01,"conor",8,"Dublin","Ireland",1030431,53.33,-6.25,1
"142",162,2017-06-01,"nate",0,"Stockton","USA",299188,37.97,-121.31,0
"143",162,2017-06-01,"khabib",0,"Moscow","Russia",10472629,55.75,37.62,1
"144",162,2017-06-01,"floyd",7,"Grand Rapids","USA",193006,42.96,-85.66,0
"145",162,2017-06-01,"jorge",0,"Miami","USA",386740,25.78,-80.21,0
"146",163,2017-07-01,"conor",21,"Dublin","Ireland",1030431,53.33,-6.25,1
"147",163,2017-07-01,"nate",1,"Stockton","USA",299188,37.97,-121.31,0
"148",163,2017-07-01,"khabib",0,"Moscow","Russia",10472629,55.75,37.62,1
"149",163,2017-07-01,"floyd",18,"Grand Rapids","USA",193006,42.96,-85.66,0
"150",163,2017-07-01,"jorge",0,"Miami","USA",386740,25.78,-80.21,0
"151",164,2017-08-01,"conor",100,"Dublin","Ireland",1030431,53.33,-6.25,1
"152",164,2017-08-01,"nate",1,"Stockton","USA",299188,37.97,-121.31,0
"153",164,2017-08-01,"khabib",0,"Moscow","Russia",10472629,55.75,37.62,1
"154",164,2017-08-01,"floyd",99,"Grand Rapids","USA",193006,42.96,-85.66,0
"155",164,2017-08-01,"jorge",0,"Miami","USA",386740,25.78,-80.21,0
"156",165,2017-09-01,"conor",5,"Dublin","Ireland",1030431,53.33,-6.25,1
"157",165,2017-09-01,"nate",0,"Stockton","USA",299188,37.97,-121.31,0
"158",165,2017-09-01,"khabib",0,"Moscow","Russia",10472629,55.75,37.62,1
"159",165,2017-09-01,"floyd",4,"Grand Rapids","USA",193006,42.96,-85.66,0
"160",165,2017-09-01,"jorge",0,"Miami","USA",386740,25.78,-80.21,0
"161",166,2017-10-01,"conor",3,"Dublin","Ireland",1030431,53.33,-6.25,1
"162",166,2017-10-01,"nate",0,"Stockton","USA",299188,37.97,-121.31,0
"163",166,2017-10-01,"khabib",0,"Moscow","Russia",10472629,55.75,37.62,1
"164",166,2017-10-01,"floyd",1,"Grand Rapids","USA",193006,42.96,-85.66,0
"165",166,2017-10-01,"jorge",0,"Miami","USA",386740,25.78,-80.21,0
"166",167,2017-11-01,"conor",4,"Dublin","Ireland",1030431,53.33,-6.25,1
"167",167,2017-11-01,"nate",0,"Stockton","USA",299188,37.97,-121.31,0
"168",167,2017-11-01,"khabib",0,"Moscow","Russia",10472629,55.75,37.62,1
"169",167,2017-11-01,"floyd",1,"Grand Rapids","USA",193006,42.96,-85.66,0
"170",167,2017-11-01,"jorge",0,"Miami","USA",386740,25.78,-80.21,0
"171",168,2017-12-01,"conor",4,"Dublin","Ireland",1030431,53.33,-6.25,1
"172",168,2017-12-01,"nate",0,"Stockton","USA",299188,37.97,-121.31,0
"173",168,2017-12-01,"khabib",1,"Moscow","Russia",10472629,55.75,37.62,1
"174",168,2017-12-01,"floyd",1,"Grand Rapids","USA",193006,42.96,-85.66,0
"175",168,2017-12-01,"jorge",0,"Miami","USA",386740,25.78,-80.21,0
"176",169,2018-01-01,"conor",3,"Dublin","Ireland",1030431,53.33,-6.25,1
"177",169,2018-01-01,"nate",0,"Stockton","USA",299188,37.97,-121.31,0
"178",169,2018-01-01,"khabib",1,"Moscow","Russia",10472629,55.75,37.62,1
"179",169,2018-01-01,"floyd",1,"Grand Rapids","USA",193006,42.96,-85.66,0
"180",169,2018-01-01,"jorge",0,"Miami","USA",386740,25.78,-80.21,0
"181",170,2018-02-01,"conor",3,"Dublin","Ireland",1030431,53.33,-6.25,1
"182",170,2018-02-01,"nate",0,"Stockton","USA",299188,37.97,-121.31,0
"183",170,2018-02-01,"khabib",0,"Moscow","Russia",10472629,55.75,37.62,1
"184",170,2018-02-01,"floyd",2,"Grand Rapids","USA",193006,42.96,-85.66,0
"185",170,2018-02-01,"jorge",0,"Miami","USA",386740,25.78,-80.21,0
"186",171,2018-03-01,"conor",3,"Dublin","Ireland",1030431,53.33,-6.25,1
"187",171,2018-03-01,"nate",0,"Stockton","USA",299188,37.97,-121.31,0
"188",171,2018-03-01,"khabib",1,"Moscow","Russia",10472629,55.75,37.62,1
"189",171,2018-03-01,"floyd",2,"Grand Rapids","USA",193006,42.96,-85.66,0
"190",171,2018-03-01,"jorge",0,"Miami","USA",386740,25.78,-80.21,0
"191",172,2018-04-01,"conor",10,"Dublin","Ireland",1030431,53.33,-6.25,1
"192",172,2018-04-01,"nate",0,"Stockton","USA",299188,37.97,-121.31,0
"193",172,2018-04-01,"khabib",3,"Moscow","Russia",10472629,55.75,37.62,1
"194",172,2018-04-01,"floyd",1,"Grand Rapids","USA",193006,42.96,-85.66,0
"195",172,2018-04-01,"jorge",0,"Miami","USA",386740,25.78,-80.21,0
"196",173,2018-05-01,"conor",2,"Dublin","Ireland",1030431,53.33,-6.25,1
"197",173,2018-05-01,"nate",0,"Stockton","USA",299188,37.97,-121.31,0
"198",173,2018-05-01,"khabib",0,"Moscow","Russia",10472629,55.75,37.62,1
"199",173,2018-05-01,"floyd",1,"Grand Rapids","USA",193006,42.96,-85.66,0
"200",173,2018-05-01,"jorge",0,"Miami","USA",386740,25.78,-80.21,0
"201",174,2018-06-01,"conor",2,"Dublin","Ireland",1030431,53.33,-6.25,1
"202",174,2018-06-01,"nate",0,"Stockton","USA",299188,37.97,-121.31,0
"203",174,2018-06-01,"khabib",0,"Moscow","Russia",10472629,55.75,37.62,1
"204",174,2018-06-01,"floyd",1,"Grand Rapids","USA",193006,42.96,-85.66,0
"205",174,2018-06-01,"jorge",0,"Miami","USA",386740,25.78,-80.21,0
"206",175,2018-07-01,"conor",3,"Dublin","Ireland",1030431,53.33,-6.25,1
"207",175,2018-07-01,"nate",0,"Stockton","USA",299188,37.97,-121.31,0
"208",175,2018-07-01,"khabib",0,"Moscow","Russia",10472629,55.75,37.62,1
"209",175,2018-07-01,"floyd",1,"Grand Rapids","USA",193006,42.96,-85.66,0
"210",175,2018-07-01,"jorge",0,"Miami","USA",386740,25.78,-80.21,0
"211",176,2018-08-01,"conor",4,"Dublin","Ireland",1030431,53.33,-6.25,1
"212",176,2018-08-01,"nate",0,"Stockton","USA",299188,37.97,-121.31,0
"213",176,2018-08-01,"khabib",2,"Moscow","Russia",10472629,55.75,37.62,1
"214",176,2018-08-01,"floyd",1,"Grand Rapids","USA",193006,42.96,-85.66,0
"215",176,2018-08-01,"jorge",0,"Miami","USA",386740,25.78,-80.21,0
"216",177,2018-09-01,"conor",8,"Dublin","Ireland",1030431,53.33,-6.25,1
"217",177,2018-09-01,"nate",0,"Stockton","USA",299188,37.97,-121.31,0
"218",177,2018-09-01,"khabib",4,"Moscow","Russia",10472629,55.75,37.62,1
"219",177,2018-09-01,"floyd",2,"Grand Rapids","USA",193006,42.96,-85.66,0
"220",177,2018-09-01,"jorge",0,"Miami","USA",386740,25.78,-80.21,0
"221",178,2018-10-01,"conor",45,"Dublin","Ireland",1030431,53.33,-6.25,1
"222",178,2018-10-01,"nate",1,"Stockton","USA",299188,37.97,-121.31,0
"223",178,2018-10-01,"khabib",38,"Moscow","Russia",10472629,55.75,37.62,1
"224",178,2018-10-01,"floyd",2,"Grand Rapids","USA",193006,42.96,-85.66,0
"225",178,2018-10-01,"jorge",0,"Miami","USA",386740,25.78,-80.21,0
"226",179,2018-11-01,"conor",3,"Dublin","Ireland",1030431,53.33,-6.25,1
"227",179,2018-11-01,"nate",0,"Stockton","USA",299188,37.97,-121.31,0
"228",179,2018-11-01,"khabib",1,"Moscow","Russia",10472629,55.75,37.62,1
"229",179,2018-11-01,"floyd",2,"Grand Rapids","USA",193006,42.96,-85.66,0
"230",179,2018-11-01,"jorge",0,"Miami","USA",386740,25.78,-80.21,0
"231",180,2018-12-01,"conor",3,"Dublin","Ireland",1030431,53.33,-6.25,1
"232",180,2018-12-01,"nate",0,"Stockton","USA",299188,37.97,-121.31,0
"233",180,2018-12-01,"khabib",1,"Moscow","Russia",10472629,55.75,37.62,1
"234",180,2018-12-01,"floyd",3,"Grand Rapids","USA",193006,42.96,-85.66,0
"235",180,2018-12-01,"jorge",0,"Miami","USA",386740,25.78,-80.21,0
"236",181,2019-01-01,"conor",3,"Dublin","Ireland",1030431,53.33,-6.25,1
"237",181,2019-01-01,"nate",0,"Stockton","USA",299188,37.97,-121.31,0
"238",181,2019-01-01,"khabib",1,"Moscow","Russia",10472629,55.75,37.62,1
"239",181,2019-01-01,"floyd",3,"Grand Rapids","USA",193006,42.96,-85.66,0
"240",181,2019-01-01,"jorge",0,"Miami","USA",386740,25.78,-80.21,0
"241",182,2019-02-01,"conor",2,"Dublin","Ireland",1030431,53.33,-6.25,1
"242",182,2019-02-01,"nate",0,"Stockton","USA",299188,37.97,-121.31,0
"243",182,2019-02-01,"khabib",1,"Moscow","Russia",10472629,55.75,37.62,1
"244",182,2019-02-01,"floyd",1,"Grand Rapids","USA",193006,42.96,-85.66,0
"245",182,2019-02-01,"jorge",0,"Miami","USA",386740,25.78,-80.21,0
"246",183,2019-03-01,"conor",4,"Dublin","Ireland",1030431,53.33,-6.25,1
"247",183,2019-03-01,"nate",0,"Stockton","USA",299188,37.97,-121.31,0
"248",183,2019-03-01,"khabib",1,"Moscow","Russia",10472629,55.75,37.62,1
"249",183,2019-03-01,"floyd",1,"Grand Rapids","USA",193006,42.96,-85.66,0
"250",183,2019-03-01,"jorge",1,"Miami","USA",386740,25.78,-80.21,0
"251",184,2019-04-01,"conor",3,"Dublin","Ireland",1030431,53.33,-6.25,1
"252",184,2019-04-01,"nate",0,"Stockton","USA",299188,37.97,-121.31,0
"253",184,2019-04-01,"khabib",1,"Moscow","Russia",10472629,55.75,37.62,1
"254",184,2019-04-01,"floyd",1,"Grand Rapids","USA",193006,42.96,-85.66,0
"255",184,2019-04-01,"jorge",0,"Miami","USA",386740,25.78,-80.21,0
"256",185,2019-05-01,"conor",2,"Dublin","Ireland",1030431,53.33,-6.25,1
"257",185,2019-05-01,"nate",0,"Stockton","USA",299188,37.97,-121.31,0
"258",185,2019-05-01,"khabib",1,"Moscow","Russia",10472629,55.75,37.62,1
"259",185,2019-05-01,"floyd",1,"Grand Rapids","USA",193006,42.96,-85.66,0
"260",185,2019-05-01,"jorge",0,"Miami","USA",386740,25.78,-80.21,0
"261",186,2019-06-01,"conor",2,"Dublin","Ireland",1030431,53.33,-6.25,1
"262",186,2019-06-01,"nate",0,"Stockton","USA",299188,37.97,-121.31,0
"263",186,2019-06-01,"khabib",1,"Moscow","Russia",10472629,55.75,37.62,1
"264",186,2019-06-01,"floyd",1,"Grand Rapids","USA",193006,42.96,-85.66,0
"265",186,2019-06-01,"jorge",0,"Miami","USA",386740,25.78,-80.21,0
"266",187,2019-07-01,"conor",2,"Dublin","Ireland",1030431,53.33,-6.25,1
"267",187,2019-07-01,"nate",0,"Stockton","USA",299188,37.97,-121.31,0
"268",187,2019-07-01,"khabib",1,"Moscow","Russia",10472629,55.75,37.62,1
"269",187,2019-07-01,"floyd",1,"Grand Rapids","USA",193006,42.96,-85.66,0
"270",187,2019-07-01,"jorge",1,"Miami","USA",386740,25.78,-80.21,0
"271",188,2019-08-01,"conor",3,"Dublin","Ireland",1030431,53.33,-6.25,1
"272",188,2019-08-01,"nate",2,"Stockton","USA",299188,37.97,-121.31,0
"273",188,2019-08-01,"khabib",1,"Moscow","Russia",10472629,55.75,37.62,1
"274",188,2019-08-01,"floyd",1,"Grand Rapids","USA",193006,42.96,-85.66,0
"275",188,2019-08-01,"jorge",0,"Miami","USA",386740,25.78,-80.21,0
"276",189,2019-09-01,"conor",3,"Dublin","Ireland",1030431,53.33,-6.25,1
"277",189,2019-09-01,"nate",1,"Stockton","USA",299188,37.97,-121.31,0
"278",189,2019-09-01,"khabib",10,"Moscow","Russia",10472629,55.75,37.62,1
"279",189,2019-09-01,"floyd",1,"Grand Rapids","USA",193006,42.96,-85.66,0
"280",189,2019-09-01,"jorge",0,"Miami","USA",386740,25.78,-80.21,0
"281",190,2019-10-01,"conor",2,"Dublin","Ireland",1030431,53.33,-6.25,1
"282",190,2019-10-01,"nate",1,"Stockton","USA",299188,37.97,-121.31,0
"283",190,2019-10-01,"khabib",1,"Moscow","Russia",10472629,55.75,37.62,1
"284",190,2019-10-01,"floyd",1,"Grand Rapids","USA",193006,42.96,-85.66,0
"285",190,2019-10-01,"jorge",1,"Miami","USA",386740,25.78,-80.21,0
"286",191,2019-11-01,"conor",2,"Dublin","Ireland",1030431,53.33,-6.25,1
"287",191,2019-11-01,"nate",3,"Stockton","USA",299188,37.97,-121.31,0
"288",191,2019-11-01,"khabib",1,"Moscow","Russia",10472629,55.75,37.62,1
"289",191,2019-11-01,"floyd",1,"Grand Rapids","USA",193006,42.96,-85.66,0
"290",191,2019-11-01,"jorge",2,"Miami","USA",386740,25.78,-80.21,0
"291",192,2019-12-01,"conor",3,"Dublin","Ireland",1030431,53.33,-6.25,1
"292",192,2019-12-01,"nate",0,"Stockton","USA",299188,37.97,-121.31,0
"293",192,2019-12-01,"khabib",1,"Moscow","Russia",10472629,55.75,37.62,1
"294",192,2019-12-01,"floyd",1,"Grand Rapids","USA",193006,42.96,-85.66,0
"295",192,2019-12-01,"jorge",0,"Miami","USA",386740,25.78,-80.21,0
"296",193,2020-01-01,"conor",20,"Dublin","Ireland",1030431,53.33,-6.25,1
"297",193,2020-01-01,"nate",0,"Stockton","USA",299188,37.97,-121.31,0
"298",193,2020-01-01,"khabib",2,"Moscow","Russia",10472629,55.75,37.62,1
"299",193,2020-01-01,"floyd",1,"Grand Rapids","USA",193006,42.96,-85.66,0
"300",193,2020-01-01,"jorge",1,"Miami","USA",386740,25.78,-80.21,0
"301",194,2020-02-01,"conor",3,"Dublin","Ireland",1030431,53.33,-6.25,1
"302",194,2020-02-01,"nate",0,"Stockton","USA",299188,37.97,-121.31,0
"303",194,2020-02-01,"khabib",1,"Moscow","Russia",10472629,55.75,37.62,1
"304",194,2020-02-01,"floyd",1,"Grand Rapids","USA",193006,42.96,-85.66,0
"305",194,2020-02-01,"jorge",0,"Miami","USA",386740,25.78,-80.21,0
"306",195,2020-03-01,"conor",2,"Dublin","Ireland",1030431,53.33,-6.25,1
"307",195,2020-03-01,"nate",0,"Stockton","USA",299188,37.97,-121.31,0
"308",195,2020-03-01,"khabib",2,"Moscow","Russia",10472629,55.75,37.62,1
"309",195,2020-03-01,"floyd",2,"Grand Rapids","USA",193006,42.96,-85.66,0
"310",195,2020-03-01,"jorge",0,"Miami","USA",386740,25.78,-80.21,0
"311",196,2020-04-01,"conor",2,"Dublin","Ireland",1030431,53.33,-6.25,1
"312",196,2020-04-01,"nate",0,"Stockton","USA",299188,37.97,-121.31,0
"313",196,2020-04-01,"khabib",1,"Moscow","Russia",10472629,55.75,37.62,1
"314",196,2020-04-01,"floyd",2,"Grand Rapids","USA",193006,42.96,-85.66,0
"315",196,2020-04-01,"jorge",0,"Miami","USA",386740,25.78,-80.21,0
"316",197,2020-05-01,"conor",3,"Dublin","Ireland",1030431,53.33,-6.25,1
"317",197,2020-05-01,"nate",0,"Stockton","USA",299188,37.97,-121.31,0
"318",197,2020-05-01,"khabib",1,"Moscow","Russia",10472629,55.75,37.62,1
"319",197,2020-05-01,"floyd",1,"Grand Rapids","USA",193006,42.96,-85.66,0
"320",197,2020-05-01,"jorge",0,"Miami","USA",386740,25.78,-80.21,0
"321",198,2020-06-01,"conor",2,"Dublin","Ireland",1030431,53.33,-6.25,1
"322",198,2020-06-01,"nate",0,"Stockton","USA",299188,37.97,-121.31,0
"323",198,2020-06-01,"khabib",1,"Moscow","Russia",10472629,55.75,37.62,1
"324",198,2020-06-01,"floyd",1,"Grand Rapids","USA",193006,42.96,-85.66,0
"325",198,2020-06-01,"jorge",0,"Miami","USA",386740,25.78,-80.21,0
"326",199,2020-07-01,"conor",2,"Dublin","Ireland",1030431,53.33,-6.25,1
"327",199,2020-07-01,"nate",0,"Stockton","USA",299188,37.97,-121.31,0
"328",199,2020-07-01,"khabib",2,"Moscow","Russia",10472629,55.75,37.62,1
"329",199,2020-07-01,"floyd",1,"Grand Rapids","USA",193006,42.96,-85.66,0
"330",199,2020-07-01,"jorge",3,"Miami","USA",386740,25.78,-80.21,0
"331",200,2020-08-01,"conor",2,"Dublin","Ireland",1030431,53.33,-6.25,1
"332",200,2020-08-01,"nate",0,"Stockton","USA",299188,37.97,-121.31,0
"333",200,2020-08-01,"khabib",1,"Moscow","Russia",10472629,55.75,37.62,1
"334",200,2020-08-01,"floyd",1,"Grand Rapids","USA",193006,42.96,-85.66,0
"335",200,2020-08-01,"jorge",0,"Miami","USA",386740,25.78,-80.21,0
"336",201,2020-09-01,"conor",2,"Dublin","Ireland",1030431,53.33,-6.25,1
"337",201,2020-09-01,"nate",0,"Stockton","USA",299188,37.97,-121.31,0
"338",201,2020-09-01,"khabib",1,"Moscow","Russia",10472629,55.75,37.62,1
"339",201,2020-09-01,"floyd",1,"Grand Rapids","USA",193006,42.96,-85.66,0
"340",201,2020-09-01,"jorge",0,"Miami","USA",386740,25.78,-80.21,0
"341",202,2020-10-01,"conor",3,"Dublin","Ireland",1030431,53.33,-6.25,1
"342",202,2020-10-01,"nate",0,"Stockton","USA",299188,37.97,-121.31,0
"343",202,2020-10-01,"khabib",14,"Moscow","Russia",10472629,55.75,37.62,1
"344",202,2020-10-01,"floyd",1,"Grand Rapids","USA",193006,42.96,-85.66,0
"345",202,2020-10-01,"jorge",0,"Miami","USA",386740,25.78,-80.21,0
"346",203,2020-11-01,"conor",2,"Dublin","Ireland",1030431,53.33,-6.25,1
"347",203,2020-11-01,"nate",0,"Stockton","USA",299188,37.97,-121.31,0
"348",203,2020-11-01,"khabib",2,"Moscow","Russia",10472629,55.75,37.62,1
"349",203,2020-11-01,"floyd",1,"Grand Rapids","USA",193006,42.96,-85.66,0
"350",203,2020-11-01,"jorge",0,"Miami","USA",386740,25.78,-80.21,0
"351",204,2020-12-01,"conor",3,"Dublin","Ireland",1030431,53.33,-6.25,1
"352",204,2020-12-01,"nate",0,"Stockton","USA",299188,37.97,-121.31,0
"353",204,2020-12-01,"khabib",1,"Moscow","Russia",10472629,55.75,37.62,1
"354",204,2020-12-01,"floyd",3,"Grand Rapids","USA",193006,42.96,-85.66,0
"355",204,2020-12-01,"jorge",0,"Miami","USA",386740,25.78,-80.21,0
"356",205,2021-01-01,"conor",19,"Dublin","Ireland",1030431,53.33,-6.25,1
"357",205,2021-01-01,"nate",0,"Stockton","USA",299188,37.97,-121.31,0
"358",205,2021-01-01,"khabib",2,"Moscow","Russia",10472629,55.75,37.62,1
"359",205,2021-01-01,"floyd",2,"Grand Rapids","USA",193006,42.96,-85.66,0
"360",205,2021-01-01,"jorge",0,"Miami","USA",386740,25.78,-80.21,0
"361",206,2021-02-01,"conor",2,"Dublin","Ireland",1030431,53.33,-6.25,1
"362",206,2021-02-01,"nate",0,"Stockton","USA",299188,37.97,-121.31,0
"363",206,2021-02-01,"khabib",1,"Moscow","Russia",10472629,55.75,37.62,1
"364",206,2021-02-01,"floyd",2,"Grand Rapids","USA",193006,42.96,-85.66,0
"365",206,2021-02-01,"jorge",0,"Miami","USA",386740,25.78,-80.21,0
"366",207,2021-03-01,"conor",2,"Dublin","Ireland",1030431,53.33,-6.25,1
"367",207,2021-03-01,"nate",0,"Stockton","USA",299188,37.97,-121.31,0
"368",207,2021-03-01,"khabib",1,"Moscow","Russia",10472629,55.75,37.62,1
"369",207,2021-03-01,"floyd",1,"Grand Rapids","USA",193006,42.96,-85.66,0
"370",207,2021-03-01,"jorge",0,"Miami","USA",386740,25.78,-80.21,0
"371",208,2021-04-01,"conor",3,"Dublin","Ireland",1030431,53.33,-6.25,1
"372",208,2021-04-01,"nate",0,"Stockton","USA",299188,37.97,-121.31,0
"373",208,2021-04-01,"khabib",1,"Moscow","Russia",10472629,55.75,37.62,1
"374",208,2021-04-01,"floyd",2,"Grand Rapids","USA",193006,42.96,-85.66,0
"375",208,2021-04-01,"jorge",2,"Miami","USA",386740,25.78,-80.21,0
"376",209,2021-05-01,"conor",2,"Dublin","Ireland",1030431,53.33,-6.25,1
"377",209,2021-05-01,"nate",0,"Stockton","USA",299188,37.97,-121.31,0
"378",209,2021-05-01,"khabib",1,"Moscow","Russia",10472629,55.75,37.62,1
"379",209,2021-05-01,"floyd",4,"Grand Rapids","USA",193006,42.96,-85.66,0
"380",209,2021-05-01,"jorge",0,"Miami","USA",386740,25.78,-80.21,0
"381",210,2021-06-01,"conor",3,"Dublin","Ireland",1030431,53.33,-6.25,1
"382",210,2021-06-01,"nate",1,"Stockton","USA",299188,37.97,-121.31,0
"383",210,2021-06-01,"khabib",1,"Moscow","Russia",10472629,55.75,37.62,1
"384",210,2021-06-01,"floyd",28,"Grand Rapids","USA",193006,42.96,-85.66,0
"385",210,2021-06-01,"jorge",0,"Miami","USA",386740,25.78,-80.21,0
"386",211,2021-07-01,"conor",18,"Dublin","Ireland",1030431,53.33,-6.25,1
"387",211,2021-07-01,"nate",0,"Stockton","USA",299188,37.97,-121.31,0
"388",211,2021-07-01,"khabib",2,"Moscow","Russia",10472629,55.75,37.62,1
"389",211,2021-07-01,"floyd",1,"Grand Rapids","USA",193006,42.96,-85.66,0
"390",211,2021-07-01,"jorge",0,"Miami","USA",386740,25.78,-80.21,0
"391",212,2021-08-01,"conor",2,"Dublin","Ireland",1030431,53.33,-6.25,1
"392",212,2021-08-01,"nate",0,"Stockton","USA",299188,37.97,-121.31,0
"393",212,2021-08-01,"khabib",1,"Moscow","Russia",10472629,55.75,37.62,1
"394",212,2021-08-01,"floyd",1,"Grand Rapids","USA",193006,42.96,-85.66,0
"395",212,2021-08-01,"jorge",0,"Miami","USA",386740,25.78,-80.21,0
"396",213,2021-09-01,"conor",3,"Dublin","Ireland",1030431,53.33,-6.25,1
"397",213,2021-09-01,"nate",0,"Stockton","USA",299188,37.97,-121.31,0
"398",213,2021-09-01,"khabib",1,"Moscow","Russia",10472629,55.75,37.62,1
"399",213,2021-09-01,"floyd",1,"Grand Rapids","USA",193006,42.96,-85.66,0
"400",213,2021-09-01,"jorge",0,"Miami","USA",386740,25.78,-80.21,0
"401",214,2021-10-01,"conor",3,"Dublin","Ireland",1030431,53.33,-6.25,1
"402",214,2021-10-01,"nate",0,"Stockton","USA",299188,37.97,-121.31,0
"403",214,2021-10-01,"khabib",1,"Moscow","Russia",10472629,55.75,37.62,1
"404",214,2021-10-01,"floyd",1,"Grand Rapids","USA",193006,42.96,-85.66,0
"405",214,2021-10-01,"jorge",0,"Miami","USA",386740,25.78,-80.21,0
"406",215,2021-11-01,"conor",2,"Dublin","Ireland",1030431,53.33,-6.25,1
"407",215,2021-11-01,"nate",0,"Stockton","USA",299188,37.97,-121.31,0
"408",215,2021-11-01,"khabib",1,"Moscow","Russia",10472629,55.75,37.62,1
"409",215,2021-11-01,"floyd",1,"Grand Rapids","USA",193006,42.96,-85.66,0
"410",215,2021-11-01,"jorge",0,"Miami","USA",386740,25.78,-80.21,0
"411",216,2021-12-01,"conor",2,"Dublin","Ireland",1030431,53.33,-6.25,1
"412",216,2021-12-01,"nate",0,"Stockton","USA",299188,37.97,-121.31,0
"413",216,2021-12-01,"khabib",1,"Moscow","Russia",10472629,55.75,37.62,1
"414",216,2021-12-01,"floyd",1,"Grand Rapids","USA",193006,42.96,-85.66,0
"415",216,2021-12-01,"jorge",0,"Miami","USA",386740,25.78,-80.21,0
"416",217,2022-01-01,"conor",2,"Dublin","Ireland",1030431,53.33,-6.25,1
"417",217,2022-01-01,"nate",0,"Stockton","USA",299188,37.97,-121.31,0
"418",217,2022-01-01,"khabib",1,"Moscow","Russia",10472629,55.75,37.62,1
"419",217,2022-01-01,"floyd",1,"Grand Rapids","USA",193006,42.96,-85.66,0
"420",217,2022-01-01,"jorge",0,"Miami","USA",386740,25.78,-80.21,0
"421",218,2022-02-01,"conor",2,"Dublin","Ireland",1030431,53.33,-6.25,1
"422",218,2022-02-01,"nate",0,"Stockton","USA",299188,37.97,-121.31,0
"423",218,2022-02-01,"khabib",1,"Moscow","Russia",10472629,55.75,37.62,1
"424",218,2022-02-01,"floyd",1,"Grand Rapids","USA",193006,42.96,-85.66,0
"425",218,2022-02-01,"jorge",0,"Miami","USA",386740,25.78,-80.21,0
"426",219,2022-03-01,"conor",2,"Dublin","Ireland",1030431,53.33,-6.25,1
"427",219,2022-03-01,"nate",0,"Stockton","USA",299188,37.97,-121.31,0
"428",219,2022-03-01,"khabib",1,"Moscow","Russia",10472629,55.75,37.62,1
"429",219,2022-03-01,"floyd",1,"Grand Rapids","USA",193006,42.96,-85.66,0
"430",219,2022-03-01,"jorge",2,"Miami","USA",386740,25.78,-80.21,0
"431",220,2022-04-01,"conor",2,"Dublin","Ireland",1030431,53.33,-6.25,1
"432",220,2022-04-01,"nate",0,"Stockton","USA",299188,37.97,-121.31,0
"433",220,2022-04-01,"khabib",1,"Moscow","Russia",10472629,55.75,37.62,1
"434",220,2022-04-01,"floyd",1,"Grand Rapids","USA",193006,42.96,-85.66,0
"435",220,2022-04-01,"jorge",0,"Miami","USA",386740,25.78,-80.21,0
"436",221,2022-05-01,"conor",2,"Dublin","Ireland",1030431,53.33,-6.25,1
"437",221,2022-05-01,"nate",0,"Stockton","USA",299188,37.97,-121.31,0
"438",221,2022-05-01,"khabib",1,"Moscow","Russia",10472629,55.75,37.62,1
"439",221,2022-05-01,"floyd",1,"Grand Rapids","USA",193006,42.96,-85.66,0
"440",221,2022-05-01,"jorge",0,"Miami","USA",386740,25.78,-80.21,0
"441",222,2022-06-01,"conor",2,"Dublin","Ireland",1030431,53.33,-6.25,1
"442",222,2022-06-01,"nate",0,"Stockton","USA",299188,37.97,-121.31,0
"443",222,2022-06-01,"khabib",1,"Moscow","Russia",10472629,55.75,37.62,1
"444",222,2022-06-01,"floyd",1,"Grand Rapids","USA",193006,42.96,-85.66,0
"445",222,2022-06-01,"jorge",0,"Miami","USA",386740,25.78,-80.21,0
"446",223,2022-07-01,"conor",2,"Dublin","Ireland",1030431,53.33,-6.25,1
"447",223,2022-07-01,"nate",1,"Stockton","USA",299188,37.97,-121.31,0
"448",223,2022-07-01,"khabib",1,"Moscow","Russia",10472629,55.75,37.62,1
"449",223,2022-07-01,"floyd",1,"Grand Rapids","USA",193006,42.96,-85.66,0
"450",223,2022-07-01,"jorge",0,"Miami","USA",386740,25.78,-80.21,0
"451",224,2022-08-01,"conor",2,"Dublin","Ireland",1030431,53.33,-6.25,1
"452",224,2022-08-01,"nate",1,"Stockton","USA",299188,37.97,-121.31,0
"453",224,2022-08-01,"khabib",1,"Moscow","Russia",10472629,55.75,37.62,1
"454",224,2022-08-01,"floyd",1,"Grand Rapids","USA",193006,42.96,-85.66,0
"455",224,2022-08-01,"jorge",0,"Miami","USA",386740,25.78,-80.21,0
"456",225,2022-09-01,"conor",2,"Dublin","Ireland",1030431,53.33,-6.25,1
"457",225,2022-09-01,"nate",2,"Stockton","USA",299188,37.97,-121.31,0
"458",225,2022-09-01,"khabib",1,"Moscow","Russia",10472629,55.75,37.62,1
"459",225,2022-09-01,"floyd",1,"Grand Rapids","USA",193006,42.96,-85.66,0
"460",225,2022-09-01,"jorge",0,"Miami","USA",386740,25.78,-80.21,0
